subj_id,seed,date,computer,block,block_type,trial,cue_type,cue_validity,cue_dir,cue_pos_dy,target_loc,target_pos_dy,correct_response,cue_pos_y,target_pos_x,target_pos_y,response,rt,is_correct
MAR102,102,2015_Nov_17_1317,LL-George,0,practice,0,word,valid,right,-0.200841268044,right,-1.47727124432,right,-13.2555236909,322.223344412,-97.4999021252,right,453.308921191,1
MAR102,102,2015_Nov_17_1317,LL-George,0,practice,1,arrow,valid,right,0.94248914836,right,0.152116901724,right,62.2042837918,372.077409722,10.0397155138,right,354.086417705,1
MAR102,102,2015_Nov_17_1317,LL-George,0,practice,2,word,invalid,left,0.702579390178,right,-1.41489959958,right,46.3702397517,331.120030537,-93.3833735723,right,354.187565856,1
MAR102,102,2015_Nov_17_1317,LL-George,0,practice,3,arrow,valid,right,2.00380311219,right,0.363042348413,right,132.251005405,342.922315135,23.9607949953,right,258.966176189,1
MAR102,102,2015_Nov_17_1317,LL-George,0,practice,4,word,valid,right,-0.863087442932,right,-0.84881176636,right,-56.9637712335,342.288749629,-56.0215765797,right,279.086657742,1
MAR102,102,2015_Nov_17_1317,LL-George,0,practice,5,word,invalid,right,-0.279860294913,left,0.759171333637,left,-18.4707794643,-346.107190519,50.10530802,left,316.847890441,1
MAR102,102,2015_Nov_17_1317,LL-George,0,practice,6,word,valid,left,-0.672472367206,left,1.59474067251,left,-44.3831762356,-332.191279712,105.252884385,right,294.495747599,0
MAR102,102,2015_Nov_17_1317,LL-George,0,practice,7,word,invalid,right,0.393794564392,left,-0.0887578183388,left,25.9904412499,-377.303152428,-5.85801601036,left,361.061799631,1
MAR102,102,2015_Nov_17_1317,LL-George,1,test,9,word,valid,left,-0.476188628537,left,-0.692427068847,left,-31.4284494834,-381.199571151,-45.7001865439,left,334.894514643,1
MAR102,102,2015_Nov_17_1317,LL-George,1,test,10,arrow,valid,right,-2.41817642714,right,-0.0583165762183,right,-159.599644191,330.58547444,-3.84889403041,right,314.082960715,1
MAR102,102,2015_Nov_17_1317,LL-George,1,test,11,arrow,invalid,left,-1.08853028895,right,0.591339300528,right,-71.8429990708,356.911556237,39.0283938349,right,308.388895472,1
MAR102,102,2015_Nov_17_1317,LL-George,1,test,12,word,valid,left,1.25969306288,left,0.420514378205,left,83.1397421498,-365.044608233,27.7539489615,left,300.027527672,1
MAR102,102,2015_Nov_17_1317,LL-George,1,test,13,word,invalid,right,0.0531549490755,left,1.54589393313,left,3.50822663898,-380.061322923,102.028999587,left,495.712406293,1
MAR102,102,2015_Nov_17_1317,LL-George,1,test,14,word,valid,right,-0.124720626387,right,1.05459656358,right,-8.23156134155,318.367074587,69.6033731964,right,289.201793785,1
MAR102,102,2015_Nov_17_1317,LL-George,1,test,15,word,invalid,right,-0.243076743593,left,-0.6066618284,left,-16.0430650772,-336.821982483,-40.0396806744,left,271.878570959,1
MAR102,102,2015_Nov_17_1317,LL-George,1,test,16,arrow,invalid,left,0.0427992837127,right,0.131693886842,right,2.82475272504,339.835602741,8.69179653159,right,308.113618812,1
MAR102,102,2015_Nov_17_1317,LL-George,1,test,17,word,valid,right,-0.0103922693364,right,0.590725485717,right,-0.685889776201,368.372722152,38.9878820573,left,286.184953875,0
MAR102,102,2015_Nov_17_1317,LL-George,1,test,18,arrow,valid,right,-0.0638526651785,right,-0.25270951474,right,-4.21427590178,351.526919471,-16.6788279729,right,353.664540162,1
MAR102,102,2015_Nov_17_1317,LL-George,1,test,19,word,valid,right,1.24626858007,right,-1.01114845291,right,82.2537262845,352.376964557,-66.7357978919,right,359.14158501,1
MAR102,102,2015_Nov_17_1317,LL-George,1,test,20,word,invalid,right,-0.38215931067,left,1.57687300639,left,-25.2225145042,-341.185257355,104.073618422,left,383.073367644,1
MAR102,102,2015_Nov_17_1317,LL-George,1,test,21,arrow,valid,left,0.694404863341,left,-0.75143990648,left,45.8307209805,-357.463924496,-49.5950338277,left,430.656214652,1
MAR102,102,2015_Nov_17_1317,LL-George,1,test,22,arrow,valid,left,-1.3548472636,left,-1.00411032691,left,-89.4199193979,-377.889653321,-66.2712815761,left,484.450391028,1
MAR102,102,2015_Nov_17_1317,LL-George,1,test,23,word,invalid,left,-1.01978722231,right,-0.550300488241,right,-67.3059566723,346.590211507,-36.3198322239,right,363.578980439,1
MAR102,102,2015_Nov_17_1317,LL-George,1,test,24,arrow,valid,right,-0.797571322393,right,-0.31493480037,right,-52.639707278,364.35157063,-20.7856968244,right,300.027207588,1
MAR102,102,2015_Nov_17_1317,LL-George,1,test,25,word,valid,left,-1.38739120839,left,-2.13959164092,left,-91.5678197534,-370.901563867,-141.213048301,left,281.032479426,1
MAR102,102,2015_Nov_17_1317,LL-George,1,test,26,arrow,valid,left,-0.452100959329,left,-0.144655499691,left,-29.8386633157,-338.198619542,-9.54726297962,left,292.240399751,1
MAR102,102,2015_Nov_17_1317,LL-George,1,test,27,arrow,invalid,left,0.71487709263,right,-2.71172696061,right,47.1818881136,331.80962767,-178.973979401,right,327.414352156,1
MAR102,102,2015_Nov_17_1317,LL-George,1,test,28,word,valid,right,-0.218294341995,right,-0.0195442521951,right,-14.4074265716,352.803681362,-1.28992064488,right,384.743912728,1
MAR102,102,2015_Nov_17_1317,LL-George,1,test,29,arrow,valid,left,-0.111007765361,left,0.617197797077,left,-7.32651251382,-374.166774096,40.7350546071,left,319.906021818,1
MAR102,102,2015_Nov_17_1317,LL-George,1,test,30,word,invalid,right,-0.82039537327,left,-1.53176930257,left,-54.1460946359,-321.753471915,-101.09677397,left,313.330111094,1
MAR102,102,2015_Nov_17_1317,LL-George,1,test,31,word,invalid,left,-0.213667395762,right,-0.272063276673,right,-14.1020481203,327.456304042,-17.9561762604,right,323.368105688,1
MAR102,102,2015_Nov_17_1317,LL-George,1,test,32,word,valid,left,0.325082813274,left,1.40222345009,left,21.4554656761,-322.971505765,92.5467477062,left,308.883433114,1
MAR102,102,2015_Nov_17_1317,LL-George,1,test,33,arrow,valid,right,-0.595776067271,right,0.0726952821994,right,-39.3212204399,350.15454743,4.79788862516,right,310.939685558,1
MAR102,102,2015_Nov_17_1317,LL-George,1,test,34,word,valid,left,-0.0880518642547,left,-0.225779046361,left,-5.81142304081,-316.779706589,-14.9014170598,left,277.36873948,1
MAR102,102,2015_Nov_17_1317,LL-George,1,test,35,word,invalid,left,-1.11421823789,right,1.28388117092,right,-73.5384037009,319.347520613,84.7361572806,right,312.418817426,1
MAR102,102,2015_Nov_17_1317,LL-George,1,test,36,word,valid,left,-0.237686023541,left,0.810239402347,left,-15.6872775537,-331.09996625,53.4758005549,left,362.64271976,1
MAR102,102,2015_Nov_17_1317,LL-George,1,test,37,arrow,invalid,right,-0.393926679871,left,-0.296977760377,left,-25.9991608715,-338.871914717,-19.6005321849,left,363.093725289,1
MAR102,102,2015_Nov_17_1317,LL-George,1,test,38,arrow,valid,left,-0.955032629859,left,-0.119598212816,left,-63.0321535707,-381.038650967,-7.89348204583,left,283.5807089,1
MAR102,102,2015_Nov_17_1317,LL-George,1,test,39,word,invalid,right,-0.969184739838,left,0.4620989155,left,-63.9661928293,-375.854093189,30.498528423,left,299.2465102,1
MAR102,102,2015_Nov_17_1317,LL-George,1,test,40,arrow,valid,left,0.455206419752,left,0.794883356434,left,30.0436237036,-354.27487929,52.4623015246,left,310.111935192,1
MAR102,102,2015_Nov_17_1317,LL-George,1,test,41,arrow,valid,left,1.31050977584,left,0.982188342802,left,86.4936452055,-355.370714539,64.8244306249,left,256.226853526,1
MAR102,102,2015_Nov_17_1317,LL-George,1,test,42,arrow,valid,right,0.894104377992,right,-0.101680069594,right,59.0108889475,379.845019328,-6.71088459321,right,316.335107724,1
MAR102,102,2015_Nov_17_1317,LL-George,1,test,43,word,valid,left,0.923148964867,left,1.74803951681,left,60.9278316812,-326.774365496,115.37060811,left,246.100834513,1
MAR102,102,2015_Nov_17_1317,LL-George,1,test,44,arrow,valid,right,-0.816312992755,right,-1.62669527305,right,-53.8766575218,382.75950386,-107.361888021,right,267.193106585,1
MAR102,102,2015_Nov_17_1317,LL-George,1,test,45,arrow,valid,left,-1.03665958814,left,-1.44887764821,left,-68.4195328171,-330.496249442,-95.6259247819,left,273.865684227,1
MAR102,102,2015_Nov_17_1317,LL-George,1,test,46,arrow,valid,left,-0.47578516194,left,-0.461371160222,left,-31.401820688,-339.111333519,-30.4504965747,left,337.090646091,1
MAR102,102,2015_Nov_17_1317,LL-George,1,test,47,word,valid,right,-0.935432778654,right,1.62556706517,right,-61.7385633911,324.213512999,107.287426301,right,322.175773734,1
MAR102,102,2015_Nov_17_1317,LL-George,1,test,48,word,invalid,right,0.538323805948,left,3.27387411498,left,35.5293711926,-319.987987464,216.075691589,left,395.969117759,1
MAR102,102,2015_Nov_17_1317,LL-George,1,test,49,word,invalid,left,-0.106732385966,right,-0.882096751796,right,-7.04433747374,333.575226987,-58.2183856185,right,330.740078061,1
MAR102,102,2015_Nov_17_1317,LL-George,1,test,50,arrow,valid,left,-0.893630073933,left,1.47824751165,left,-58.9795848796,-366.987872611,97.5643357688,left,276.18537005,1
MAR102,102,2015_Nov_17_1317,LL-George,1,test,51,word,valid,right,-0.638431396388,right,1.05420705393,right,-42.1364721616,362.232266007,69.5776655595,right,431.61616195,1
MAR102,102,2015_Nov_17_1317,LL-George,1,test,52,arrow,invalid,left,-1.01846545554,right,0.298050774401,right,-67.2187200659,377.302023497,19.6713511104,right,332.747036766,1
MAR102,102,2015_Nov_17_1317,LL-George,1,test,53,arrow,valid,left,0.763331780102,left,0.805737021842,left,50.3798974868,-375.456336868,53.1786434416,left,270.178897772,1
MAR102,102,2015_Nov_17_1317,LL-George,1,test,54,word,valid,right,0.183996950699,right,0.350580063873,right,12.1437987461,381.430912332,23.1382842156,right,306.000390498,1
MAR102,102,2015_Nov_17_1317,LL-George,1,test,55,word,valid,right,0.677234508146,right,-1.00236161516,right,44.6974775376,374.012281377,-66.1558666006,right,332.650369848,1
MAR102,102,2015_Nov_17_1317,LL-George,1,test,56,word,invalid,left,-1.10908799271,right,0.184929433548,right,-73.1998075189,373.130045725,12.2053426142,right,333.453793544,1
MAR102,102,2015_Nov_17_1317,LL-George,1,test,57,arrow,invalid,right,0.519086234724,left,1.98243876269,left,34.2596914918,-333.513794161,130.840958338,left,318.964959821,1
MAR102,102,2015_Nov_17_1317,LL-George,1,test,58,word,valid,left,0.743611404601,left,1.31564351716,left,49.0783527036,-381.454303182,86.8324721327,left,273.060340027,1
MAR102,102,2015_Nov_17_1317,LL-George,1,test,59,arrow,invalid,left,0.89760856789,right,-1.90623451426,right,59.2421654808,369.532249965,-125.811477941,right,308.473719109,1
MAR102,102,2015_Nov_17_1317,LL-George,1,test,60,word,invalid,right,1.97703395921,left,-0.122053080858,left,130.484241308,-332.46288743,-8.0555033366,left,304.255264637,1
MAR102,102,2015_Nov_17_1317,LL-George,1,test,61,word,valid,left,0.54145503529,left,-0.370898527986,left,35.7360323291,-364.780658069,-24.4793028471,left,355.058848392,1
MAR102,102,2015_Nov_17_1317,LL-George,1,test,62,arrow,valid,right,0.782284173558,right,-1.03500376755,right,51.6307554548,366.135986429,-68.3102486585,right,307.732712768,1
MAR102,102,2015_Nov_17_1317,LL-George,1,test,63,arrow,valid,left,-0.0171684635785,left,-0.959469246817,left,-1.13311859618,-381.456839807,-63.32497029,left,318.292132521,1
MAR102,102,2015_Nov_17_1317,LL-George,1,test,64,arrow,invalid,left,0.662808935779,right,-1.34368674498,right,43.7453897614,347.787049354,-88.6833251687,right,312.388729013,1
MAR102,102,2015_Nov_17_1317,LL-George,1,test,65,word,valid,right,0.906756720269,right,0.322867577266,right,59.8459435378,374.51540208,21.3092600995,right,306.761242333,1
MAR102,102,2015_Nov_17_1317,LL-George,1,test,66,word,valid,right,-1.50996197303,right,1.35341998012,right,-99.6574902199,361.972192047,89.3257186878,right,269.266643852,1
MAR102,102,2015_Nov_17_1317,LL-George,1,test,67,arrow,invalid,left,0.142866641048,right,1.20114154437,right,9.42919830914,336.155503093,79.2753419281,right,265.37628076,1
MAR102,102,2015_Nov_17_1317,LL-George,1,test,68,word,invalid,left,-0.103096250911,right,-0.392719751306,right,-6.80435256016,322.84183299,-25.9195035862,right,277.152359253,1
MAR102,102,2015_Nov_17_1317,LL-George,1,test,69,arrow,valid,left,0.113150810165,left,1.21215306137,left,7.46795347089,-343.051261254,80.0021020503,left,344.575929921,1
MAR102,102,2015_Nov_17_1317,LL-George,2,test,71,word,valid,left,-0.335782200164,left,-1.88346461943,left,-22.1616252108,-323.046595068,-124.308664882,left,364.152900176,1
MAR102,102,2015_Nov_17_1317,LL-George,2,test,72,word,valid,right,-0.805874276685,right,-1.8083451212,right,-53.1877022612,319.751612482,-119.350777999,right,268.265084946,1
MAR102,102,2015_Nov_17_1317,LL-George,2,test,73,word,valid,right,0.684221267484,right,0.805654924957,right,45.158603654,353.128059625,53.1732250472,right,248.038974067,1
MAR102,102,2015_Nov_17_1317,LL-George,2,test,74,arrow,valid,right,-0.620957475311,right,0.808096110006,right,-40.9831933705,367.179912803,53.3343432604,right,244.16781636,1
MAR102,102,2015_Nov_17_1317,LL-George,2,test,75,word,valid,left,0.903690780949,left,0.0974194334135,left,59.6435915426,-324.000016929,6.42968260529,left,257.513931836,1
MAR102,102,2015_Nov_17_1317,LL-George,2,test,76,word,invalid,right,1.08888664182,left,-0.603162203239,left,71.8665183604,-363.526249421,-39.8087054138,left,275.965468783,1
MAR102,102,2015_Nov_17_1317,LL-George,2,test,77,word,valid,right,0.855600224363,right,0.0460055629738,right,56.469614808,319.953377627,3.03636715627,right,261.793843412,1
MAR102,102,2015_Nov_17_1317,LL-George,2,test,78,arrow,invalid,right,-0.225514656297,left,0.311067287625,left,-14.8839673156,-329.834357229,20.5304409832,left,314.169704856,1
MAR102,102,2015_Nov_17_1317,LL-George,2,test,79,arrow,valid,left,0.372283540624,left,1.29959820819,left,24.5707136812,-329.554187879,85.7734817406,left,260.783322039,1
MAR102,102,2015_Nov_17_1317,LL-George,2,test,80,arrow,valid,left,-0.0759184162322,left,-0.740198272258,left,-5.01061547133,-382.746391754,-48.853085969,timeout,1500.0,0
MAR102,102,2015_Nov_17_1317,LL-George,2,test,81,arrow,invalid,right,-0.788182009934,left,-0.161139414797,left,-52.0200126556,-372.142728199,-10.6352013766,left,352.754206804,1
MAR102,102,2015_Nov_17_1317,LL-George,2,test,82,word,valid,right,-1.16983691747,right,1.09320563243,right,-77.2092365529,346.145291976,72.1515717404,right,297.204021597,1
MAR102,102,2015_Nov_17_1317,LL-George,2,test,83,word,valid,left,1.70637976361,left,-0.294978211103,left,112.621064398,-327.088471818,-19.4685619328,left,276.295480609,1
MAR102,102,2015_Nov_17_1317,LL-George,2,test,84,arrow,invalid,left,-0.436737858371,right,-1.27732312554,right,-28.8246986525,339.97932576,-84.3033262858,right,328.107025009,1
MAR102,102,2015_Nov_17_1317,LL-George,2,test,85,word,valid,right,0.608961460539,right,0.210589205844,right,40.1914563956,347.736618083,13.8988875857,right,313.597705623,1
MAR102,102,2015_Nov_17_1317,LL-George,2,test,86,arrow,invalid,right,-0.933315766318,left,0.979881724983,left,-61.598840577,-375.687106328,64.6721938489,left,291.984648502,1
MAR102,102,2015_Nov_17_1317,LL-George,2,test,87,word,invalid,right,-2.32587922044,left,0.472338529741,left,-153.508028549,-369.226646887,31.1743429629,left,274.764174363,1
MAR102,102,2015_Nov_17_1317,LL-George,2,test,88,word,valid,left,-0.788121488034,left,-0.0755156648499,left,-52.0160182103,-348.300527889,-4.98403388009,left,278.208333184,1
MAR102,102,2015_Nov_17_1317,LL-George,2,test,89,word,valid,left,0.330026061529,left,0.109581117139,left,21.7817200609,-329.177590754,7.23235373119,left,225.663144607,1
MAR102,102,2015_Nov_17_1317,LL-George,2,test,90,word,invalid,right,0.893737865407,left,-0.202103089656,left,58.9866991168,-352.15487461,-13.3388039173,left,311.093328404,1
MAR102,102,2015_Nov_17_1317,LL-George,2,test,91,arrow,valid,right,-1.73695348036,right,-0.174576993088,right,-114.638929704,333.104303326,-11.5220815438,right,273.486698687,1
MAR102,102,2015_Nov_17_1317,LL-George,2,test,92,word,invalid,right,1.48434303475,left,-0.982183621405,left,97.9666402935,-364.987355367,-64.8241190128,left,252.967706183,1
MAR102,102,2015_Nov_17_1317,LL-George,2,test,93,arrow,valid,right,0.193614359222,right,-0.341155884682,right,12.7785477086,335.21231091,-22.516288389,right,249.763294123,1
MAR102,102,2015_Nov_17_1317,LL-George,2,test,94,arrow,valid,left,-1.97279527668,left,2.26832549616,left,-130.204488261,-366.964809252,149.709482746,left,262.51564431,1
MAR102,102,2015_Nov_17_1317,LL-George,2,test,95,arrow,invalid,right,0.629897520398,left,-0.644614507413,left,41.5732363463,-348.675841739,-42.5445574892,left,282.928367262,1
MAR102,102,2015_Nov_17_1317,LL-George,2,test,96,word,valid,left,-1.48958918486,left,0.0965599790849,left,-98.3128862009,-352.351121701,6.37295861961,left,278.0297235,1
MAR102,102,2015_Nov_17_1317,LL-George,2,test,97,word,invalid,right,0.884716972521,left,-0.395519207373,left,58.3913201864,-380.003050095,-26.1042676866,left,237.499719893,1
MAR102,102,2015_Nov_17_1317,LL-George,2,test,98,arrow,invalid,left,-0.961710625182,right,0.572077535298,right,-63.472901262,325.729082302,37.7571173296,right,282.859868195,1
MAR102,102,2015_Nov_17_1317,LL-George,2,test,99,arrow,valid,right,1.50924781124,right,1.73173347073,right,99.6103555416,320.024266939,114.294409068,right,268.82300037,1
MAR102,102,2015_Nov_17_1317,LL-George,2,test,100,arrow,valid,left,0.564036251471,left,-0.381707077015,left,37.2263925971,-374.858197635,-25.192667083,left,231.795411848,1
MAR102,102,2015_Nov_17_1317,LL-George,2,test,101,arrow,invalid,left,-1.0523306053,right,-0.836677471824,right,-69.4538199497,323.923948647,-55.2207131404,right,261.179912486,1
MAR102,102,2015_Nov_17_1317,LL-George,2,test,102,arrow,invalid,right,-0.606899832891,left,-0.42362321881,left,-40.0553889708,-357.423300886,-27.9591324415,left,241.659918102,1
MAR102,102,2015_Nov_17_1317,LL-George,2,test,103,arrow,invalid,left,-1.17416527998,right,-0.651515861078,right,-77.4949084784,364.53806871,-43.0000468312,right,294.747657783,1
MAR102,102,2015_Nov_17_1317,LL-George,2,test,104,arrow,valid,right,0.0829628356302,right,-0.239436593276,right,5.47554715159,348.470598268,-15.8028151562,right,297.880049795,1
MAR102,102,2015_Nov_17_1317,LL-George,2,test,105,word,valid,right,0.0594898129145,right,1.41224174006,right,3.92632765236,341.233518437,93.2079548438,right,316.298617516,1
MAR102,102,2015_Nov_17_1317,LL-George,2,test,106,arrow,valid,left,-0.242553733906,left,-0.839574581379,left,-16.0085464378,-355.590488818,-55.411922371,left,286.446786777,1
MAR102,102,2015_Nov_17_1317,LL-George,2,test,107,arrow,invalid,right,1.25198429203,left,0.752329692642,left,82.6309632743,-348.636003243,49.6537597144,left,313.906591618,1
MAR102,102,2015_Nov_17_1317,LL-George,2,test,108,word,valid,right,-0.510055200572,right,1.75799829377,right,-33.6636432378,321.879707369,116.027887389,right,260.329115612,1
MAR102,102,2015_Nov_17_1317,LL-George,2,test,109,arrow,invalid,right,1.30943299687,left,-0.670772848951,left,86.4225777933,-360.131372163,-44.2710080307,left,280.821860826,1
MAR102,102,2015_Nov_17_1317,LL-George,2,test,110,arrow,valid,right,0.311270197342,right,0.284310647677,right,20.5438330246,324.78569165,18.7645027467,right,292.558248213,1
MAR102,102,2015_Nov_17_1317,LL-George,2,test,111,word,invalid,right,1.51212859371,left,-0.242146160949,left,99.800487185,-323.533999053,-15.9816466227,left,327.322166471,1
MAR102,102,2015_Nov_17_1317,LL-George,2,test,112,word,valid,left,2.00631061109,left,0.940631203772,left,132.416500332,-365.04250767,62.0816594489,left,424.731685314,1
MAR102,102,2015_Nov_17_1317,LL-George,2,test,113,arrow,valid,right,2.28020741984,right,0.369790908754,right,150.49368971,322.632268086,24.4061999778,right,342.495350691,1
MAR102,102,2015_Nov_17_1317,LL-George,2,test,114,word,valid,right,1.02323073058,right,-1.17527875215,right,67.5332282182,366.494226291,-77.5683976416,right,331.319119257,1
MAR102,102,2015_Nov_17_1317,LL-George,2,test,115,word,valid,left,0.205433634262,left,-2.24075733348,left,13.5586198613,-321.750823083,-147.88998401,left,268.423849193,1
MAR102,102,2015_Nov_17_1317,LL-George,2,test,116,word,valid,left,-0.277918689826,left,0.159433482245,left,-18.3426335285,-360.773440846,10.5226098282,left,275.863360323,1
MAR102,102,2015_Nov_17_1317,LL-George,2,test,117,arrow,valid,left,-0.852431926507,left,0.915758664317,left,-56.2605071495,-327.090165143,60.4400718449,left,255.714070809,1
MAR102,102,2015_Nov_17_1317,LL-George,2,test,118,arrow,valid,right,1.92175327797,right,1.17016156551,right,126.835716346,345.225499952,77.230663324,right,252.440519398,1
MAR102,102,2015_Nov_17_1317,LL-George,2,test,119,arrow,valid,left,0.738197731409,left,-1.02952714145,left,48.721050273,-342.679894743,-67.9487913357,left,296.876570443,1
MAR102,102,2015_Nov_17_1317,LL-George,2,test,120,word,invalid,left,0.912417549207,right,0.0766077019352,right,60.2195582476,352.184876417,5.05610832772,left,163.631154865,0
MAR102,102,2015_Nov_17_1317,LL-George,2,test,121,word,valid,right,-0.290183863318,right,1.00203893422,right,-19.152134979,362.647666579,66.1345696586,right,247.394954727,1
MAR102,102,2015_Nov_17_1317,LL-George,2,test,122,arrow,valid,right,0.222914441705,right,0.0366772548659,right,14.7123531525,358.575544632,2.42069882115,right,276.520503277,1
MAR102,102,2015_Nov_17_1317,LL-George,2,test,123,word,valid,left,0.0805567392583,left,-1.55113526616,left,5.31674479105,-380.599915942,-102.374927566,left,271.975237876,1
MAR102,102,2015_Nov_17_1317,LL-George,2,test,124,word,valid,left,-0.462939529741,left,-0.595392458994,left,-30.5540089629,-363.087896381,-39.2959022936,left,275.599927001,1
MAR102,102,2015_Nov_17_1317,LL-George,2,test,125,word,valid,left,-1.68893594796,left,0.576675880629,left,-111.469772565,-323.832256601,38.0606081215,left,255.184963462,1
MAR102,102,2015_Nov_17_1317,LL-George,2,test,126,arrow,valid,right,0.629050292304,right,-0.635028305519,right,41.5173192921,357.243473594,-41.9118681642,right,236.43254285,1
MAR102,102,2015_Nov_17_1317,LL-George,2,test,127,word,valid,left,-0.148621659603,left,0.461886400822,left,-9.80902953382,-369.393854185,30.4845024543,left,257.049162465,1
MAR102,102,2015_Nov_17_1317,LL-George,2,test,128,word,valid,left,-1.21710008838,left,-0.4620921815,left,-80.3286058334,-373.8939704,-30.498083979,left,286.125417333,1
MAR102,102,2015_Nov_17_1317,LL-George,2,test,129,word,valid,right,0.00278040157795,right,0.833359966212,right,0.183506504144,332.915103144,55.00175777,right,241.451220005,1
MAR102,102,2015_Nov_17_1317,LL-George,2,test,130,arrow,valid,left,-0.173707936049,left,0.676538062794,left,-11.4647237792,-380.232163203,44.6515121444,left,230.701987457,1
MAR102,102,2015_Nov_17_1317,LL-George,3,test,132,word,valid,right,0.424590046424,right,1.50627959697,right,28.022943064,341.218302761,99.4144534002,right,232.201284845,1
MAR102,102,2015_Nov_17_1317,LL-George,3,test,133,word,valid,left,1.06954716439,left,0.59541190661,left,70.5901128494,-372.086948877,39.2971858363,left,262.652642443,1
MAR102,102,2015_Nov_17_1317,LL-George,3,test,134,word,invalid,right,-1.39010590235,left,-2.10928228718,left,-91.7469895552,-328.531714651,-139.212630954,left,290.834888408,1
MAR102,102,2015_Nov_17_1317,LL-George,3,test,135,word,invalid,right,-0.832136363136,left,-0.773431843141,left,-54.920999967,-333.123757107,-51.0465016473,left,277.561433089,1
MAR102,102,2015_Nov_17_1317,LL-George,3,test,136,arrow,invalid,right,0.891745415303,left,0.0722177120182,left,58.85519741,-375.50146824,4.7663689932,left,281.328241806,1
MAR102,102,2015_Nov_17_1317,LL-George,3,test,137,arrow,invalid,right,0.929047394677,left,-1.46352913486,left,61.3171280487,-325.802731074,-96.5929229005,left,260.800606862,1
MAR102,102,2015_Nov_17_1317,LL-George,3,test,138,arrow,valid,left,-1.16208445158,left,-1.05130978138,left,-76.6975738043,-338.597032162,-69.3864455709,left,225.219821208,1
MAR102,102,2015_Nov_17_1317,LL-George,3,test,139,arrow,invalid,left,0.176640551522,right,-0.500668527007,right,11.6582764004,377.365765107,-33.0441227825,right,303.000515327,1
MAR102,102,2015_Nov_17_1317,LL-George,3,test,140,arrow,valid,right,-1.88786333093,right,-1.79462128694,right,-124.598979841,377.86228672,-118.445004938,right,273.76485616,1
MAR102,102,2015_Nov_17_1317,LL-George,3,test,141,word,valid,right,-0.692726243324,right,0.583071711191,right,-45.7199320594,337.368761327,38.4827329386,right,293.183382251,1
MAR102,102,2015_Nov_17_1317,LL-George,3,test,142,word,invalid,left,0.501344464732,right,-0.114105003694,right,33.0887346723,324.257060167,-7.53093024379,left,167.978605255,0
MAR102,102,2015_Nov_17_1317,LL-George,3,test,143,word,valid,right,-1.11034611244,right,0.222400572041,right,-73.2828434211,330.35271529,14.6784377547,right,279.751802911,1
MAR102,102,2015_Nov_17_1317,LL-George,3,test,144,word,valid,left,1.0871142183,left,1.34622714479,left,71.7495384078,-344.416991105,88.8509915562,left,335.187076067,1
MAR102,102,2015_Nov_17_1317,LL-George,3,test,145,word,valid,right,-1.46714492113,right,-0.770315596529,right,-96.8315647947,325.372812424,-50.8408293709,right,256.632086355,1
MAR102,102,2015_Nov_17_1317,LL-George,3,test,146,arrow,valid,left,0.187141679556,left,0.965894408281,left,12.3513508507,-336.582798393,63.7490309465,left,301.154561399,1
MAR102,102,2015_Nov_17_1317,LL-George,3,test,147,word,invalid,right,-0.112920449835,left,0.000276327274096,left,-7.4527496891,-339.43841214,0.0182376000903,left,287.50564158,1
MAR102,102,2015_Nov_17_1317,LL-George,3,test,148,arrow,valid,right,1.87903844794,right,-1.32253227831,right,124.016537564,324.556775156,-87.2871303682,right,258.965856046,1
MAR102,102,2015_Nov_17_1317,LL-George,3,test,149,arrow,invalid,left,0.766591734429,right,-0.695722519204,right,50.5950544723,325.457184183,-45.9176862674,right,303.400306671,1
MAR102,102,2015_Nov_17_1317,LL-George,3,test,150,word,invalid,right,-0.624013201684,left,-1.27764511576,left,-41.1848713111,-376.874027576,-84.3245776401,left,257.850985741,1
MAR102,102,2015_Nov_17_1317,LL-George,3,test,151,arrow,valid,left,-0.960336061257,left,-1.33479177919,left,-63.382180043,-353.550828152,-88.0962574263,left,294.238075847,1
MAR102,102,2015_Nov_17_1317,LL-George,3,test,152,word,valid,right,1.55831654198,right,-0.531710994548,right,102.848891771,319.266140794,-35.0929256402,right,272.40287693,1
MAR102,102,2015_Nov_17_1317,LL-George,3,test,153,word,invalid,left,-1.11147631107,right,-0.684171159063,right,-73.3574365304,342.025837884,-45.1552964982,right,308.789967094,1
MAR102,102,2015_Nov_17_1317,LL-George,3,test,154,arrow,valid,right,-0.588373476996,right,0.167240675222,right,-38.8326494817,320.083089901,11.0378845646,right,279.305598699,1
MAR102,102,2015_Nov_17_1317,LL-George,3,test,155,arrow,invalid,right,-1.26489856383,left,0.0133449771735,left,-83.4833052129,-382.08229413,0.880768493453,left,306.995547551,1
MAR102,102,2015_Nov_17_1317,LL-George,3,test,156,word,valid,left,0.677464955292,left,-1.42652512045,left,44.7126870492,-333.17133715,-94.1506579497,left,309.145266074,1
MAR102,102,2015_Nov_17_1317,LL-George,3,test,157,arrow,invalid,left,1.72645783495,right,1.5162160523,right,113.946217107,328.08722336,100.070259451,right,287.579902215,1
MAR102,102,2015_Nov_17_1317,LL-George,3,test,158,arrow,valid,right,0.272276547554,right,1.06102779369,right,17.9702521385,333.246240004,70.0278343836,right,322.953910392,1
MAR102,102,2015_Nov_17_1317,LL-George,3,test,159,arrow,invalid,right,-1.42164573382,left,1.09767709314,left,-93.8286184322,-335.566956669,72.4466881473,left,380.427831144,1
MAR102,102,2015_Nov_17_1317,LL-George,3,test,160,arrow,valid,left,-0.52900734107,left,1.78862767786,left,-34.9144845106,-320.153534539,118.049426738,left,356.188122823,1
MAR102,102,2015_Nov_17_1317,LL-George,3,test,161,word,valid,right,1.56390863041,right,-1.20547314094,right,103.217969607,330.777356189,-79.5612273018,right,275.978272315,1
MAR102,102,2015_Nov_17_1317,LL-George,3,test,162,word,valid,right,-0.23030074397,right,-0.808953042121,right,-15.199849102,339.4125434,-53.39090078,right,286.09468881,1
MAR102,102,2015_Nov_17_1317,LL-George,3,test,163,arrow,valid,right,-1.04118443613,right,-2.9002064354,right,-68.7181727846,373.540792058,-191.413624736,right,353.554429545,1
MAR102,102,2015_Nov_17_1317,LL-George,3,test,164,arrow,valid,right,0.203607019284,right,-0.87715898864,right,13.4380632728,367.305189931,-57.8924932502,right,322.023731424,1
MAR102,102,2015_Nov_17_1317,LL-George,3,test,165,arrow,invalid,right,-0.335414884824,left,0.259158145226,left,-22.1373823984,-351.262954973,17.1044375849,left,324.137599906,1
MAR102,102,2015_Nov_17_1317,LL-George,3,test,166,word,valid,right,-1.3005084619,right,1.43616523172,right,-85.8335584855,332.770197057,94.7869052937,right,253.603723249,1
MAR102,102,2015_Nov_17_1317,LL-George,3,test,167,word,valid,right,-0.232018853396,right,0.132086973957,right,-15.3132443241,345.364996048,8.71774028116,right,274.009084154,1
MAR102,102,2015_Nov_17_1317,LL-George,3,test,168,arrow,valid,left,-0.765824540022,left,1.24709489069,left,-50.5444196414,-317.696287493,82.3082627855,left,317.784471205,1
MAR102,102,2015_Nov_17_1317,LL-George,3,test,169,arrow,valid,right,0.0148358942152,right,-0.066440335549,right,0.979169018202,342.501834923,-4.38506214623,right,319.874653127,1
MAR102,102,2015_Nov_17_1317,LL-George,3,test,170,word,invalid,left,-0.206439156247,right,-1.25752430524,right,-13.6249843123,361.753011164,-82.9966041459,right,313.703975175,1
MAR102,102,2015_Nov_17_1317,LL-George,3,test,171,arrow,valid,right,-0.111283929123,right,1.19317592171,right,-7.34473932209,336.121018458,78.7496108326,right,283.415222773,1
MAR102,102,2015_Nov_17_1317,LL-George,3,test,172,word,invalid,left,0.870464854978,right,1.07912615079,right,57.4506804286,327.285784297,71.2223259522,right,263.220160501,1
MAR102,102,2015_Nov_17_1317,LL-George,3,test,173,word,valid,left,-0.633558046809,left,0.970732319975,left,-41.8148310894,-365.642960423,64.0683331183,left,279.295035754,1
MAR102,102,2015_Nov_17_1317,LL-George,3,test,174,arrow,valid,left,0.960704490024,left,-0.3366173764,left,63.4064963416,-357.004834709,-22.2167468424,left,234.756236139,1
MAR102,102,2015_Nov_17_1317,LL-George,3,test,175,arrow,invalid,right,0.508885473686,left,-0.830219090874,left,33.5864412633,-318.450604445,-54.7944599977,left,352.204933879,1
MAR102,102,2015_Nov_17_1317,LL-George,3,test,176,word,invalid,right,0.403130063474,left,0.0537094507434,left,26.6065841893,-336.035902355,3.54482374906,left,280.645171646,1
MAR102,102,2015_Nov_17_1317,LL-George,3,test,177,arrow,valid,left,0.59714487618,left,-0.758481181672,left,39.4115618279,-375.493150735,-50.0597579903,left,252.413311857,1
MAR102,102,2015_Nov_17_1317,LL-George,3,test,178,word,valid,right,0.683807324574,right,1.35775508689,right,45.1312834219,374.300479808,89.611835735,right,280.76424473,1
MAR102,102,2015_Nov_17_1317,LL-George,3,test,179,arrow,valid,left,-0.544269946181,left,-1.11005673834,left,-35.921816448,-333.406447238,-73.2637447303,left,276.378703828,1
MAR102,102,2015_Nov_17_1317,LL-George,3,test,180,word,valid,left,-1.54527925763,left,-0.06519805555,left,-101.988431004,-372.2189701,-4.3030716663,left,320.364389452,1
MAR102,102,2015_Nov_17_1317,LL-George,3,test,181,word,invalid,right,0.958140553759,left,-0.135836145336,left,63.2372765481,-320.371411186,-8.96518559219,left,266.505875275,1
MAR102,102,2015_Nov_17_1317,LL-George,3,test,182,word,valid,right,-0.980771001452,right,1.11636037282,right,-64.7308860958,360.570622897,73.6797846061,right,288.958206016,1
MAR102,102,2015_Nov_17_1317,LL-George,3,test,183,arrow,valid,left,0.0839146978754,left,0.729764490128,left,5.53837005978,-373.341892722,48.1644563485,left,266.397685104,1
MAR102,102,2015_Nov_17_1317,LL-George,3,test,184,word,valid,left,1.43742064511,left,-1.26705076891,left,94.8697625776,-370.888550122,-83.6253507477,left,268.837404379,1
MAR102,102,2015_Nov_17_1317,LL-George,3,test,185,arrow,valid,left,0.104244337651,left,0.596382322384,left,6.88012628497,-361.465760987,39.3612332773,left,312.951445696,1
MAR102,102,2015_Nov_17_1317,LL-George,3,test,186,word,invalid,right,-0.164859460569,left,1.29657003843,left,-10.8807243976,-324.677915716,85.5736225363,left,283.065365395,1
MAR102,102,2015_Nov_17_1317,LL-George,3,test,187,word,valid,left,1.81475708375,left,-1.33102168615,left,119.773967527,-380.61233567,-87.8474312861,left,221.840960556,1
MAR102,102,2015_Nov_17_1317,LL-George,3,test,188,word,valid,left,-1.19182587168,left,2.215536178,left,-78.6605075311,-352.967987395,146.225387748,left,267.596098769,1
MAR102,102,2015_Nov_17_1317,LL-George,3,test,189,arrow,valid,left,-1.06813367584,left,0.260854190722,left,-70.4968226056,-342.689849372,17.2163765876,left,295.365109632,1
MAR102,102,2015_Nov_17_1317,LL-George,3,test,190,arrow,valid,right,0.787726922579,right,-1.45269550926,right,51.9899768902,374.015729721,-95.8779036115,right,354.197808658,1
MAR102,102,2015_Nov_17_1317,LL-George,3,test,191,arrow,valid,left,0.175418146434,left,1.22865480065,left,11.5775976647,-364.532667476,81.0912168431,left,306.937291287,1
MAR102,102,2015_Nov_17_1317,LL-George,4,test,193,arrow,valid,left,-1.04932293956,left,-1.39501969692,left,-69.2553140109,-326.969774938,-92.0712999965,left,236.452388344,1
MAR102,102,2015_Nov_17_1317,LL-George,4,test,194,arrow,valid,right,-0.882008804488,right,-0.315519771547,right,-58.2125810962,347.075741413,-20.8243049221,right,249.589485698,1
MAR102,102,2015_Nov_17_1317,LL-George,4,test,195,word,valid,left,-0.900274238718,left,-0.10320647789,left,-59.4180997554,-379.160903131,-6.81162754071,left,245.884774311,1
MAR102,102,2015_Nov_17_1317,LL-George,4,test,196,arrow,invalid,right,-0.579074294816,left,-0.904486090657,left,-38.2189034579,-318.825694764,-59.6960819833,left,339.088322187,1
MAR102,102,2015_Nov_17_1317,LL-George,4,test,197,word,invalid,right,0.104204702245,left,-1.93366924503,left,6.87751034818,-348.410896406,-127.622170172,left,302.883362747,1
MAR102,102,2015_Nov_17_1317,LL-George,4,test,198,arrow,valid,right,0.545134339871,right,1.50816604742,right,35.9788664315,346.307245021,99.5389591294,right,305.325962778,1
MAR102,102,2015_Nov_17_1317,LL-George,4,test,199,arrow,valid,left,1.62826759295,left,-0.105640860041,left,107.465661135,-319.837087416,-6.97229676274,left,260.085207701,1
MAR102,102,2015_Nov_17_1317,LL-George,4,test,200,arrow,valid,right,-0.741222960768,right,0.22547828388,right,-48.9207154107,320.156527122,14.8815667361,right,224.506982777,1
MAR102,102,2015_Nov_17_1317,LL-George,4,test,201,word,valid,right,-0.72918158145,right,-0.686721944477,right,-48.1259843757,319.424582441,-45.3236483355,right,269.970839843,1
MAR102,102,2015_Nov_17_1317,LL-George,4,test,202,word,valid,left,0.213132004694,left,-0.691377531655,left,14.0667123098,-379.775731827,-45.6309170892,left,249.790181639,1
MAR102,102,2015_Nov_17_1317,LL-George,4,test,203,arrow,invalid,right,0.235353789196,left,-0.0462285541021,left,15.533350087,-371.115761152,-3.05108457074,left,438.50960111,1
MAR102,102,2015_Nov_17_1317,LL-George,4,test,204,arrow,valid,right,0.916048465469,right,0.00891032204476,right,60.4591987209,322.455167054,0.588081254954,right,227.939618402,1
MAR102,102,2015_Nov_17_1317,LL-George,4,test,205,arrow,valid,right,1.70124695216,right,-0.568557146503,right,112.282298843,330.543324596,-37.5247716692,right,273.731246765,1
MAR102,102,2015_Nov_17_1317,LL-George,4,test,206,arrow,valid,right,-0.618086128118,right,1.12685816631,right,-40.7936844558,369.098068094,74.3726389764,right,285.452910117,1
MAR102,102,2015_Nov_17_1317,LL-George,4,test,207,word,valid,right,-1.41390614418,right,1.00499342615,right,-93.3178055157,355.89800856,66.3295661262,right,288.574099017,1
MAR102,102,2015_Nov_17_1317,LL-George,4,test,208,word,invalid,left,-2.22256676716,right,-0.512105911048,right,-146.689406633,380.447933955,-33.7989901292,right,323.723724694,1
MAR102,102,2015_Nov_17_1317,LL-George,4,test,209,arrow,valid,right,-2.45954776279,right,0.939209201312,right,-162.330152344,371.039289772,61.9878072866,right,300.78261788,1
MAR102,102,2015_Nov_17_1317,LL-George,4,test,210,word,valid,right,0.56149361106,right,0.69643029811,right,37.05857833,325.963349449,45.9643996753,right,255.319400923,1
MAR102,102,2015_Nov_17_1317,LL-George,4,test,211,arrow,invalid,left,0.824867361906,right,-0.59719015333,right,54.4412458858,318.118680797,-39.4145501198,right,283.664252085,1
MAR102,102,2015_Nov_17_1317,LL-George,4,test,212,arrow,valid,left,-0.488795134032,left,1.01417324302,left,-32.2604788461,-343.625591874,66.9354340391,left,255.107822013,1
MAR102,102,2015_Nov_17_1317,LL-George,4,test,213,word,valid,left,1.31208124764,left,-0.648489907303,left,86.5973623445,-325.331594178,-42.800333882,left,227.600964135,1
MAR102,102,2015_Nov_17_1317,LL-George,4,test,214,word,valid,left,0.010676432292,left,-1.2835494065,left,0.704644531275,-338.599373738,-84.7142608293,left,289.020943455,1
MAR102,102,2015_Nov_17_1317,LL-George,4,test,215,word,invalid,left,0.0537741249714,right,-0.963677869375,right,3.54909224811,341.916009084,-63.6027393788,right,572.143604804,1
MAR102,102,2015_Nov_17_1317,LL-George,4,test,216,word,valid,left,-0.520371996688,left,-1.06405996661,left,-34.3445517814,-331.612289365,-70.2279577962,left,255.264025473,1
MAR102,102,2015_Nov_17_1317,LL-George,4,test,217,arrow,valid,right,0.494646895905,right,1.25685671196,right,32.6466951297,365.592904437,82.9525429893,right,211.977414496,1
MAR102,102,2015_Nov_17_1317,LL-George,4,test,218,word,valid,right,0.30023512743,right,-1.08970878501,right,19.8155184104,342.058562292,-71.9207798105,right,257.133345935,1
MAR102,102,2015_Nov_17_1317,LL-George,4,test,219,word,valid,right,0.295214055852,right,0.819547327873,right,19.4841276863,343.29854907,54.0901236396,right,224.578682682,1
MAR102,102,2015_Nov_17_1317,LL-George,4,test,220,arrow,valid,right,0.329414277116,right,-1.12315725129,right,21.7413422897,360.748181202,-74.1283785854,right,278.324845654,1
MAR102,102,2015_Nov_17_1317,LL-George,4,test,221,arrow,invalid,left,1.04035327658,right,-1.17302805719,right,68.663316254,339.488514179,-77.4198517748,right,266.125289258,1
MAR102,102,2015_Nov_17_1317,LL-George,4,test,222,word,valid,left,-0.271103466867,left,-0.400695495066,left,-17.8928288132,-346.907671757,-26.4459026744,left,254.27334971,1
MAR102,102,2015_Nov_17_1317,LL-George,4,test,223,word,invalid,right,-0.302937832231,left,0.52622405347,left,-19.9938969272,-369.130701735,34.730787529,left,293.350788881,1
MAR102,102,2015_Nov_17_1317,LL-George,4,test,224,arrow,invalid,left,0.12284631402,right,-0.0737732187082,right,8.10785672534,359.082320721,-4.86903243474,right,296.446050575,1
MAR102,102,2015_Nov_17_1317,LL-George,4,test,225,arrow,valid,right,-0.00456089224178,right,0.840447100998,right,-0.301018887957,319.56671962,55.4695086658,right,267.218393565,1
MAR102,102,2015_Nov_17_1317,LL-George,4,test,226,word,valid,left,-0.265842892973,left,-0.841903233056,left,-17.5456309362,-383.328349924,-55.5656133817,left,295.988643251,1
MAR102,102,2015_Nov_17_1317,LL-George,4,test,227,word,invalid,right,1.011692249,left,-0.399892852002,left,66.7716884343,-383.121627924,-26.3929282321,right,202.760128421,0
MAR102,102,2015_Nov_17_1317,LL-George,4,test,228,word,invalid,left,0.164065365589,right,2.20927571608,right,10.8283141289,359.164335714,145.812197261,right,273.211742169,1
MAR102,102,2015_Nov_17_1317,LL-George,4,test,229,word,invalid,right,-0.31471604504,left,-0.251136762754,left,-20.7712589726,-365.085494257,-16.5750263418,left,316.666719969,1
MAR102,102,2015_Nov_17_1317,LL-George,4,test,230,word,valid,left,0.403327616937,left,0.738621357672,left,26.6196227178,-367.318482982,48.7490096063,left,294.476542273,1
MAR102,102,2015_Nov_17_1317,LL-George,4,test,231,word,valid,left,0.403560870998,left,-0.0184323013468,left,26.6350174859,-321.352525299,-1.21653188889,left,273.21686357,1
MAR102,102,2015_Nov_17_1317,LL-George,4,test,232,word,valid,right,0.126177372439,right,-1.82703508639,right,8.327706581,337.484371511,-120.584315702,right,249.64998255,1
MAR102,102,2015_Nov_17_1317,LL-George,4,test,233,word,invalid,right,-1.02240928339,left,-0.10773646656,left,-67.4790127039,-380.358037416,-7.11060679295,left,254.401385377,1
MAR102,102,2015_Nov_17_1317,LL-George,4,test,234,arrow,valid,left,-0.848425202307,left,-1.19291278424,left,-55.9960633522,-321.545066966,-78.7322437599,left,323.197818303,1
MAR102,102,2015_Nov_17_1317,LL-George,4,test,235,word,invalid,left,-0.0531965994371,right,-0.0558311013101,right,-3.51097556285,376.838724938,-3.68485268647,right,338.617791189,1
MAR102,102,2015_Nov_17_1317,LL-George,4,test,236,word,valid,right,-0.640979922786,right,-0.719161769451,right,-42.3046749039,358.252585534,-47.4646767838,right,275.710357761,1
MAR102,102,2015_Nov_17_1317,LL-George,4,test,237,arrow,valid,right,-0.25189975983,right,-0.233699451076,right,-16.6253841488,344.763528599,-15.424163771,right,279.51973828,1
MAR102,102,2015_Nov_17_1317,LL-George,4,test,238,arrow,valid,left,0.902581208216,left,-0.0999553179673,left,59.5703597422,-351.018552037,-6.59705098584,left,250.161164906,1
MAR102,102,2015_Nov_17_1317,LL-George,4,test,239,arrow,valid,left,-1.92462108227,left,-0.436218789436,left,-127.02499143,-326.560259465,-28.7904401028,left,263.343394792,1
MAR102,102,2015_Nov_17_1317,LL-George,4,test,240,word,valid,left,0.765790258029,left,0.919995021931,left,50.5421570299,-366.457336023,60.7196714475,left,278.073895781,1
MAR102,102,2015_Nov_17_1317,LL-George,4,test,241,arrow,invalid,left,0.942965528704,right,-0.807824174156,right,62.2357248945,341.558251804,-53.3163954943,right,297.477057611,1
MAR102,102,2015_Nov_17_1317,LL-George,4,test,242,arrow,invalid,left,0.0383841325644,right,-0.39081775403,right,2.53335274925,357.245180266,-25.793971766,right,299.835794256,1
MAR102,102,2015_Nov_17_1317,LL-George,4,test,243,arrow,valid,left,-0.48118175408,left,0.660880048736,left,-31.7579957693,-379.039855072,43.6180832166,left,406.461638922,1
MAR102,102,2015_Nov_17_1317,LL-George,4,test,244,arrow,invalid,left,1.36743041287,right,0.453984722585,right,90.2504072497,335.106870237,29.9629916906,right,300.886326761,1
MAR102,102,2015_Nov_17_1317,LL-George,4,test,245,arrow,valid,right,-0.743147785214,right,0.987943043485,right,-49.0477538241,344.426091035,65.20424087,right,223.690435407,1
MAR102,102,2015_Nov_17_1317,LL-George,4,test,246,arrow,valid,right,0.963464486296,right,0.593713839051,right,63.5886560955,382.372487565,39.1851133774,right,285.54221493,1
MAR102,102,2015_Nov_17_1317,LL-George,4,test,247,word,valid,left,0.933048329529,left,-1.70946179764,left,61.5811897489,-348.278715458,-112.824478644,left,264.614788757,1
MAR102,102,2015_Nov_17_1317,LL-George,4,test,248,arrow,invalid,left,2.27106114306,right,2.22725449199,right,149.890035442,343.378284813,146.998796471,right,268.701366498,1
MAR102,102,2015_Nov_17_1317,LL-George,4,test,249,word,valid,right,-0.157693305815,right,0.36286957317,right,-10.4077581838,371.324890917,23.9493918292,right,267.144773097,1
MAR102,102,2015_Nov_17_1317,LL-George,4,test,250,word,valid,right,-0.232406829133,right,1.20607592355,right,-15.3388507228,335.801724149,79.6010109544,right,246.984600497,1
MAR102,102,2015_Nov_17_1317,LL-George,4,test,251,arrow,valid,right,0.175571306473,right,-0.0673084968998,right,11.5877062272,316.804472204,-4.44236079539,right,244.03593957,1
MAR102,102,2015_Nov_17_1317,LL-George,4,test,252,word,valid,left,-0.655350704135,left,-0.515175103836,left,-43.2531464729,-345.223579607,-34.0015568532,left,248.132760171,1
MAR102,102,2015_Nov_17_1317,LL-George,4,test,253,word,valid,right,0.159626389767,right,2.28040007998,right,10.5353417246,382.408652371,150.506405279,right,236.568900815,1
MAR102,102,2015_Nov_17_1317,LL-George,4,test,254,word,valid,left,0.53408283832,left,-0.0419682801232,left,35.2494673291,-357.47466757,-2.76990648813,left,233.661531354,1
MAR102,102,2015_Nov_17_1317,LL-George,4,test,255,word,invalid,left,0.336861601458,right,-0.568426978498,right,22.2328656962,356.808706823,-37.5161805808,right,358.728349966,1
